{
    "DataType": "ToggleableItemData",
    "DataVersion": 0,
    "GameVersion": "0.1.1",
    "GUID": "471686b2-7ccb-4d1c-8901-7783d2f81b35",
    "ItemString": "{\n    \"DataType\": \"ItemData\",\n    \"DataVersion\": 0,\n    \"GameVersion\": \"0.1.1\",\n    \"ID\": \"floorlamp\",\n    \"Quantity\": 1\n}",
    "LoadOrder": 0,
    "GridGUID": "efc3aaed-d40e-4075-8fc5-79664c851628",
    "OriginCoordinate": {
        "x": 0.0,
        "y": 8.0
    },
    "Rotation": 90,
    "IsOn": false
}