{
    "DataType": "ProceduralGridItemData",
    "DataVersion": 0,
    "GameVersion": "0.2.5f4",
    "GUID": "6544dc8e-adcd-4cd5-bf1f-8f579c04da6c",
    "ItemString": "{\n    \"DataType\": \"ItemData\",\n    \"DataVersion\": 0,\n    \"GameVersion\": \"0.2.5f4\",\n    \"ID\": \"ledgrowlight\",\n    \"Quantity\": 1\n}",
    "LoadOrder": 50,
    "Rotation": -90,
    "FootprintMatches": [
        {
            "TileOwnerGUID": "4b341e8d-8538-428c-8694-399a328f06b9",
            "TileIndex": 3,
            "FootprintCoordinate": {
                "x": 0.0,
                "y": 0.0
            }
        },
        {
            "TileOwnerGUID": "4b341e8d-8538-428c-8694-399a328f06b9",
            "TileIndex": 2,
            "FootprintCoordinate": {
                "x": 0.0,
                "y": 1.0
            }
        },
        {
            "TileOwnerGUID": "4b341e8d-8538-428c-8694-399a328f06b9",
            "TileIndex": 0,
            "FootprintCoordinate": {
                "x": 1.0,
                "y": 0.0
            }
        },
        {
            "TileOwnerGUID": "4b341e8d-8538-428c-8694-399a328f06b9",
            "TileIndex": 1,
            "FootprintCoordinate": {
                "x": 1.0,
                "y": 1.0
            }
        }
    ]
}