{
    "DataType": "PlaceableStorageData",
    "DataVersion": 0,
    "GameVersion": "0.3.0",
    "GUID": "a9422d7a-6f1e-459c-93f0-c0c80f9c2d88",
    "ItemString": "{\n    \"DataType\": \"ItemData\",\n    \"DataVersion\": 0,\n    \"GameVersion\": \"0.3.0\",\n    \"ID\": \"bed\",\n    \"Quantity\": 1\n}",
    "LoadOrder": 0,
    "GridGUID": "d47666ba-6076-4779-9c8a-ffede5ff83ad",
    "OriginCoordinate": {
        "x": 2.0,
        "y": 11.0
    },
    "Rotation": 180,
    "Contents": {
        "Items": [
            "{\"DataType\":\"ItemData\",\"DataVersion\":0,\"GameVersion\":\"0.3.0\",\"ID\":\"\",\"Quantity\":0}",
            "{\"DataType\":\"ItemData\",\"DataVersion\":0,\"GameVersion\":\"0.3.0\",\"ID\":\"\",\"Quantity\":0}",
            "{\"DataType\":\"ItemData\",\"DataVersion\":0,\"GameVersion\":\"0.3.0\",\"ID\":\"\",\"Quantity\":0}",
            "{\"DataType\":\"ItemData\",\"DataVersion\":0,\"GameVersion\":\"0.3.0\",\"ID\":\"\",\"Quantity\":0}"
        ]
    }
}