{
    "DataType": "CartelData",
    "DataVersion": 0,
    "GameVersion": "0.3.7",
    "RegionInfluence": [
        {
            "Region": 0,
            "Influence": 0.0
        },
        {
            "Region": 1,
            "Influence": 1.0
        },
        {
            "Region": 2,
            "Influence": 1.0
        },
        {
            "Region": 3,
            "Influence": 1.0
        },
        {
            "Region": 4,
            "Influence": 1.0
        },
        {
            "Region": 5,
            "Influence": 1.0
        }
    ],
    "TimeSinceActivityInRegion": {
        "keys": [
            0,
            1,
            2,
            3,
            4,
            5
        ],
        "values": [
            9999,
            9999,
            9999,
            9999,
            9999,
            9999
        ]
    }
}