{
    "DataType": "MetaData",
    "DataVersion": 0,
    "GameVersion": "0.4.0f5",
    "CreationDate": {
        "DataType": "DateTimeData",
        "DataVersion": 0,
        "GameVersion": "0.4.0f5",
        "Year": 2025,
        "Month": 9,
        "Day": 6,
        "Hour": 13,
        "Minute": 25,
        "Second": 21
    },
    "LastPlayedDate": {
        "DataType": "DateTimeData",
        "DataVersion": 0,
        "GameVersion": "0.4.0f5",
        "Year": 2025,
        "Month": 9,
        "Day": 6,
        "Hour": 13,
        "Minute": 25,
        "Second": 21
    },
    "CreationVersion": "0.4.0f5",
    "LastSaveVersion": "0.4.0f5",
    "PlayTutorial": false
}