{
    "DataType": "CustomerData",
    "DataVersion": 0,
    "GameVersion": "0.1.0",
    "Dependence": 0.0,
    "PurchaseableProducts": [
        "ogkush"
    ],
    "ProductAffinities": [
        -0.7300000190734863,
        0.8799999952316284,
        0.3700000047683716
    ],
    "TimeSinceLastDealCompleted": 1001069,
    "TimeSinceLastDealOffered": 1001069,
    "OfferedDeals": 0,
    "CompletedDeals": 0,
    "IsContractOffered": false,
    "OfferedContract": {
        "Payment": 0.0,
        "Products": {
            "entries": []
        },
        "DeliveryLocationGUID": "",
        "DeliveryWindow": {
            "IsEnabled": false,
            "WindowStartTime": 1200,
            "WindowEndTime": 1800
        },
        "Expires": false,
        "ExpiresAfter": 0,
        "PickupScheduleIndex": 0
    }
}